{"train": {"prediction_error": 0.193961963057518, "W11": 0.4867055118083954, "W22": 0.4799068868160248, "W33": 0.4068506956100464, "W12": -0.10340283811092377, "W13": -0.022137798368930817, "W23": 0.03156706318259239, "cosSIM_W12": -0.21395421028137207, "cosSIM_W13": -0.049748942255973816, "cosSIM_W23": 0.07143944501876831, "WWT_norm": 0.8106033205986023, "NRC1": 1.5204316893830896, "NRC2": 0.008608397096395493}, "validation": {"prediction_error": 0.19170813262462616}, "C": {"mu11": 0.2426486611366272, "mu22": 0.37990137934684753, "mu33": 0.4115426242351532, "mu12": -0.06536243110895157, "mu13": -0.028486017137765884, "mu23": 0.02330269105732441, "min_eigval": 0.21484717726707458, "max_eigval": 0.44189733266830444, "m1": 0.004102284088730812, "m2": 0.1969049870967865, "m3": -0.16461147367954254}, "_timestamp": 1720514543.4449117, "_runtime": 55.06879377365112, "_step": 1, "train_mse_loss": 0.09639508835971355}