{"train": {"prediction_error": 0.15766626596450806, "W11": 0.6258419752120972, "W22": 0.5768997669219971, "W12": -0.07362934201955795, "cosSIM_W12": -0.12253733724355698, "WWT_norm": 0.8575162291526794, "NRC1": 1.4529098045408173, "NRC2": 0.016424987465143204}, "validation": {"prediction_error": 0.3607114553451538}, "C": {"mu11": 0.40136387944221497, "mu12": -0.0900583267211914, "mu22": 0.3401557505130768, "min_eigval": 0.275643527507782, "max_eigval": 0.46587610244750977, "sigma11": 0.6291279196739197, "sigma12": -0.07457821071147919, "sigma21": -0.07457821071147919, "sigma22": 0.5784408450126648, "m1": 1.3272080421447754, "m2": 0.11907034367322922}, "_timestamp": 1720514387.1239054, "_runtime": 15.216306447982788, "_step": 3, "train_mse_loss": 0.08423806354403496}