{"train": {"prediction_error": 0.09431273490190506, "W11": 1.4961508512496948, "W22": 1.1916074752807617, "W12": -0.6556276679039001, "cosSIM_W12": -0.4910242557525635, "WWT_norm": 2.125580310821533, "NRC1": 0.02408759333513808, "NRC2": 0.00025120715145021677}, "validation": {"prediction_error": 0.17126508057117462}, "C": {"best_c": 0.19866200180741045}, "_timestamp": 1720513822.1394043, "_runtime": 438.1347482204437, "_step": 123, "train_mse_loss": 0.04737646598368883, "NRC3_vs_gamma_table": {"_type": "table-file", "sha256": "7388656d67dfd91ed40e0f864aa745750d42677423d063ee51ac569b01cad93c", "size": 44379, "artifact_path": "wandb-client-artifact://40mlc6994ujemngmv1fvr06fq3siith44tbryrw6es04y57y33fhtur2qq0oypox71zm98x3u9pmex895tye8hbxhu7oyijrherh9bxjbp6pabpuqfzwjthx4ikzh3st/NRC3_vs_gamma_table.table.json", "_latest_artifact_path": "wandb-client-artifact://fkb4pbdb79blu5y6lwr82danbfd2om7ubjniu9kse91aj0pm5e5ogvnp0d7jy7fu4jchyu8uebp1so8fx3av61zwsyuv4872ugfc1ddca46tmlbncvduy3my6g800dwi:latest/NRC3_vs_gamma_table.table.json", "path": "media/table/NRC3_vs_gamma_table_121_7388656d67dfd91ed40e.table.json", "ncols": 2, "nrows": 1000}, "NRC3_vs_epoch_table": {"_type": "table-file", "sha256": "6d0248e97ac36d36961fba8845f480f687d538ce4c6e54658ca3e3a68f202543", "size": 3503, "artifact_path": "wandb-client-artifact://q7uzvja513zymo28ehmdag2ilre9h9hvykebtajmzpgsr31kkogvb8n3wbfrzpzwaesnxnch85qczba1ih68azvvala1rsyyw6swwk8h9rerkx2834y9lch6axas9upi/NRC3_vs_epoch_table.table.json", "_latest_artifact_path": "wandb-client-artifact://hwve2dfs18m2l1yj3kjskig9d8c035h05kzmkhw3kyero09oxr9r5k1cw7s9h2cxpe64pth2oa1s2onx31b85ctfmx85qyo5bf93b4k7dahqxq21qifvv0xb7pfel23d:latest/NRC3_vs_epoch_table.table.json", "path": "media/table/NRC3_vs_epoch_table_123_6d0248e97ac36d36961f.table.json", "ncols": 2, "nrows": 122}, "_wandb": {"runtime": 437}}