{"train": {"prediction_error": 0.12969672679901123, "W11": 1.2438735961914062, "W22": 1.532639980316162, "W33": 1.4101961851119995, "W12": -0.1558377891778946, "W13": -0.08942069858312607, "W23": -0.042280927300453186, "cosSIM_W12": -0.11286639422178268, "cosSIM_W13": -0.06751653552055359, "cosSIM_W23": -0.028759730979800224, "WWT_norm": 2.4398765563964844, "NRC1": 1.3093842584785307, "NRC2": 0.009733458049595356}, "validation": {"prediction_error": 0.1277775913476944}, "C": {"mu11": 0.2426486611366272, "mu22": 0.37990137934684753, "mu33": 0.4115426242351532, "mu12": -0.06536243110895157, "mu13": -0.028486017137765884, "mu23": 0.02330269105732441, "min_eigval": 0.21484717726707458, "max_eigval": 0.44189733266830444, "m1": 0.004102284088730812, "m2": 0.1969049870967865, "m3": -0.16461147367954254}, "_timestamp": 1720520149.6915216, "_runtime": 262.8490626811981, "_step": 8, "train_mse_loss": 0.07166594751179219}