{"train": {"prediction_error": 0.11620698124170303, "W11": 1.590956449508667, "W22": 2.23793888092041, "W33": 1.9604249000549316, "W12": -0.23914049565792084, "W13": -0.09889248013496399, "W23": -0.06645817309617996, "cosSIM_W12": -0.12673595547676086, "cosSIM_W13": -0.055996257811784744, "cosSIM_W23": -0.03172846511006355, "WWT_norm": 3.3949296474456787, "NRC1": 0.9614359664749587, "NRC2": 0.007229686714708805}, "validation": {"prediction_error": 0.11577656865119934}, "C": {"mu11": 0.2426486611366272, "mu22": 0.37990137934684753, "mu33": 0.4115426242351532, "mu12": -0.06536243110895157, "mu13": -0.028486017137765884, "mu23": 0.02330269105732441, "min_eigval": 0.21484717726707458, "max_eigval": 0.44189733266830444, "m1": 0.004102284088730812, "m2": 0.1969049870967865, "m3": -0.16461147367954254}, "_timestamp": 1720520329.2781794, "_runtime": 442.4357204437256, "_step": 13, "train_mse_loss": 0.06345387632027269}