{"train": {"prediction_error": 0.12202394753694534, "W11": 1.4600698947906494, "W22": 1.9772827625274658, "W33": 1.7513999938964844, "W12": -0.20557639002799988, "W13": -0.09356924146413803, "W23": -0.07314681261777878, "cosSIM_W12": -0.12099068611860275, "cosSIM_W13": -0.05851317569613457, "cosSIM_W23": -0.03930685669183731, "WWT_norm": 3.0367066860198975, "NRC1": 1.062207076540799, "NRC2": 0.008115853182971478}, "validation": {"prediction_error": 0.12164503335952759}, "C": {"mu11": 0.2426486611366272, "mu22": 0.37990137934684753, "mu33": 0.4115426242351532, "mu12": -0.06536243110895157, "mu13": -0.028486017137765884, "mu23": 0.02330269105732441, "min_eigval": 0.21484717726707458, "max_eigval": 0.44189733266830444, "m1": 0.004102284088730812, "m2": 0.1969049870967865, "m3": -0.16461147367954254}, "_timestamp": 1720520265.7800786, "_runtime": 378.9376196861267, "_step": 11, "train_mse_loss": 0.06551283728331328}