{"train": {"prediction_error": 0.24928182363510132, "W11": 1.2746604681015015, "W22": 0.00204962189309299, "W12": -0.04804396629333496, "cosSIM_W12": -0.9399498701095581, "WWT_norm": 1.276471734046936, "NRC1": 1.27761749469415e-07, "NRC2": 2.5431008410237155e-09}, "validation": {"prediction_error": 0.40225932002067566}, "C": {"best_c": 0.1622406348093852}, "_timestamp": 1720515103.3071373, "_runtime": 486.9913241863251, "_step": 123, "train_mse_loss": 0.12502935715019703, "NRC3_vs_gamma_table": {"_type": "table-file", "sha256": "bf3fa6f4c32b5ada5933f405c99c40d7a02e9be8a7dc00e9b77ec9a8350a9e3b", "size": 43091, "artifact_path": "wandb-client-artifact://ij4mm15wcishth5a1m9uwuuefk55eyozydmf5opcp4wz9r64lttej2490723cx2gun6vro8uxbqskunnx5m02hwd6fh4n4bsvydbi5eqnj6ktd94jksnzv2u4mjr6qyy/NRC3_vs_gamma_table.table.json", "_latest_artifact_path": "wandb-client-artifact://wmiacvfq7sykknukrfn250q55gp9r8v92yz6kn3k1rzih0sx8l260zo4ezu5e2neb5ntal4r0x5419omvu6718rcz394qsqg706k9tvwkc9f3kj0v4f6e3662mkpkadc:latest/NRC3_vs_gamma_table.table.json", "path": "media/table/NRC3_vs_gamma_table_121_bf3fa6f4c32b5ada5933.table.json", "ncols": 2, "nrows": 1000}, "NRC3_vs_epoch_table": {"_type": "table-file", "sha256": "1aec5d0fd6e820d8a752895a96dd7424ac348c29578bf080fedc59eb9709bc19", "size": 3225, "artifact_path": "wandb-client-artifact://z0jy3f2tt6n7oiidaqkyobgp55ci5joxpdvnp1eay52xg9utzak4jodh44r7xe6h6fa2i1fc4vle19753vqsg3h3h9ezz5d3mur8ncjc27l8jdmcfhcyfdeajbd9fqmu/NRC3_vs_epoch_table.table.json", "_latest_artifact_path": "wandb-client-artifact://ey7bcsptxjht25qcu8y36xmb906kln3cbkxnlawj5bxpc5osobp6o8r2ltf3qj9tojqhr0xzbrnvt3z22trx4j81io6i805k9fukj3jveemdqodety0tjskk0gc1pl63:latest/NRC3_vs_epoch_table.table.json", "path": "media/table/NRC3_vs_epoch_table_123_1aec5d0fd6e820d8a752.table.json", "ncols": 2, "nrows": 122}, "_wandb": {"runtime": 486}}