{"train": {"prediction_error": 0.007873847149312496, "W11": 0.14602984488010406, "W22": 0.16044411063194275, "W12": -0.006700622383505106, "cosSIM_W12": -0.04377561807632446, "WWT_norm": 0.21715623140335083, "NRC1": 0.11358214932122883, "NRC2": 0.0014285476645454764}, "validation": {"prediction_error": 0.008328340016305447}, "C": {"mu11": 0.009749006479978561, "mu12": -0.00010248277976643294, "mu22": 0.01237925048917532, "min_eigval": 0.009745019488036633, "max_eigval": 0.012383237481117249, "sigma11": 0.09873585402965546, "sigma12": -0.000488020945340395, "sigma21": -0.00048802047967910767, "sigma22": 0.11126101016998291, "m1": -0.028472568839788437, "m2": 0.01389823667705059}, "_timestamp": 1720514551.2680426, "_runtime": 61.95800852775574, "_step": 13, "train_mse_loss": 0.00391866551944986}