{"train": {"prediction_error": 0.11089593917131424, "W11": 2.438777446746826, "W22": 2.912837028503418, "W33": 2.9446816444396973, "W12": -0.2192794680595398, "W13": -0.035705968737602234, "W23": 0.011631108820438385, "cosSIM_W12": -0.08227232843637466, "cosSIM_W13": -0.013324039056897163, "cosSIM_W23": 0.003971412777900696, "WWT_norm": 4.8168864250183105, "NRC1": 6.074761193517689, "NRC2": 0.05106867849826813}, "validation": {"prediction_error": 0.11464139819145203}, "C": {"mu11": 0.2426486611366272, "mu22": 0.37990137934684753, "mu33": 0.4115426242351532, "mu12": -0.06536243110895157, "mu13": -0.028486017137765884, "mu23": 0.02330269105732441, "min_eigval": 0.21484717726707458, "max_eigval": 0.44189733266830444, "m1": 0.004102284088730812, "m2": 0.1969049870967865, "m3": -0.16461147367954254}, "_timestamp": 1720513865.1317065, "_runtime": 703.93053150177, "_step": 20, "train_mse_loss": 0.04740566723048687}