{"train": {"prediction_error": 0.03701590746641159, "W11": 2.4283242225646973, "W22": 3.02709698677063, "W12": -0.2279936969280243, "cosSIM_W12": -0.08409231901168823, "WWT_norm": 3.8941028118133545, "NRC1": 4.765132304959931, "NRC2": 0.031819917261600494}, "validation": {"prediction_error": 0.09418842941522598}, "C": {"best_c": 0.0}, "_timestamp": 1720513553.8427758, "_runtime": 395.3780777454376, "_step": 123, "train_mse_loss": 0.0187757546082139, "NRC3_vs_gamma_table": {"_type": "table-file", "sha256": "66a854f63f3b8141550d38bd4b6d847855d75e521565e28aabb385bd01b84a50", "size": 43818, "artifact_path": "wandb-client-artifact://zuwcokv3a2lhpwtijd2837syzqz3w303pzefz4faw84h82pnoas5e428xbtai3xy0clbk1r7ijygcrstgkwa9rn12dptlgk1slwzawo9lui0o6t6mehy6szpgip5hiro/NRC3_vs_gamma_table.table.json", "_latest_artifact_path": "wandb-client-artifact://6hxsuxt1xckw2dn2ub5809bsslkn8u8xm6b5pu3p24fr80wwya1pz5muq825119tuausiokqtdy1ekb4ibxxvcn9ozzmu9ox3amqrtc47qw69hz7wj3gct7x7m59uyc9:latest/NRC3_vs_gamma_table.table.json", "path": "media/table/NRC3_vs_gamma_table_121_66a854f63f3b8141550d.table.json", "ncols": 2, "nrows": 1000}, "NRC3_vs_epoch_table": {"_type": "table-file", "sha256": "5c8cd8a3b2a9b60799cff6dd4a4a7333389e37f1c99284fb4465c4690e7b506c", "size": 3402, "artifact_path": "wandb-client-artifact://g9z6f2qdpcqmposyf8febqq1brgrswlq6hgypoem4sjhxdbcbrlzvnboyu0v9o1vaf0dpgez4gkak1yy2h8zsfq6jhkdk9wu1exu245q1f9rqr8ljdmts4s7jv7u6h1s/NRC3_vs_epoch_table.table.json", "_latest_artifact_path": "wandb-client-artifact://fs1dxyhb3rvcoow2b50mtn9zv0vy57oayr7xjgc4h4gi8zw36xh0j42vtnb6odud0xukle2v6yjibkk9mxtrrk0pw9au1d2etl3lgblz4rwl55gk7wm9id85t7e9g7aq:latest/NRC3_vs_epoch_table.table.json", "path": "media/table/NRC3_vs_epoch_table_123_5c8cd8a3b2a9b60799cf.table.json", "ncols": 2, "nrows": 122}, "_wandb": {"runtime": 394}}