{"train": {"prediction_error": 0.01116437092423439, "W11": 2.0140831225035072e-07, "W22": 2.0451236082408286e-07, "W12": 2.0974912473548102e-08, "cosSIM_W12": 0.10334788262844086, "WWT_norm": 2.885662979679182e-07, "NRC1": 9.874956798940852e-08, "NRC2": 3.910685941743708e-10}, "validation": {"prediction_error": 0.010581045411527157}, "C": {"mu11": 0.009749006479978561, "mu12": -0.00010248277976643294, "mu22": 0.01237925048917532, "min_eigval": 0.009745019488036633, "max_eigval": 0.012383237481117249, "sigma11": 0.09873585402965546, "sigma12": -0.000488020945340395, "sigma21": -0.00048802047967910767, "sigma22": 0.11126101016998291, "m1": -0.028472568839788437, "m2": 0.01389823667705059}, "_timestamp": 1720514553.5865252, "_runtime": 51.18095827102661, "_step": 10, "train_mse_loss": 0.005601612036116421}