{"train": {"prediction_error": 0.01106431894004345, "W11": 0.00010659620602382347, "W22": 0.00012457903358154, "W12": -5.521783168660477e-05, "cosSIM_W12": -0.47916603088378906, "WWT_norm": 0.00018160590843763202, "NRC1": 1.2596558584211659e-05, "NRC2": 5.203774477990919e-08}, "validation": {"prediction_error": 0.010297086089849472}, "C": {"best_c": 0.0025264865339354233}, "_timestamp": 1720515146.9106433, "_runtime": 445.87205839157104, "_step": 123, "train_mse_loss": 0.005533426417969167, "NRC3_vs_gamma_table": {"_type": "table-file", "sha256": "92beed912906a1ba1018e5a7e3e6df47200e775cd5f6f6ef55c6e8584d763a1a", "size": 44915, "artifact_path": "wandb-client-artifact://wgzvcebbrj6gxdnta6bl6l9a8ytglhkzkxoj5h2a90qs1e109jmvpjr61013aod50bfjru0th8lp11mzt0h4i81z4avpjng8bv75guz9ntk2wwhgqwa1f1ay0m1b8t0b/NRC3_vs_gamma_table.table.json", "_latest_artifact_path": "wandb-client-artifact://nhu8aj0y2lj2ltewyb5dti0qxovqkojt48xpavefofy3derx4vgpdbyrj3jdu00rfeapjwk2aoq6xf3y89jd09nmcy5vu0t8z08pgpky0o3768kjoax4i0ypz6ajws6l:latest/NRC3_vs_gamma_table.table.json", "path": "media/table/NRC3_vs_gamma_table_121_92beed912906a1ba1018.table.json", "ncols": 2, "nrows": 1000}, "NRC3_vs_epoch_table": {"_type": "table-file", "sha256": "cc9ca77c25d1a3f8ea4eba47420305578109c7f93a7c6c44cd69c41e0f4f1b6c", "size": 3347, "artifact_path": "wandb-client-artifact://qlao0h97txz80el16mdqa6iz7hbuz8hqe7wbu391clezcf3pwnhlto7x3ou3j618fu13wrknj9wuvtgn7i8heqxyllpatb11dpkao6ck0f58lfvq7iyt0k74xo8rgg0b/NRC3_vs_epoch_table.table.json", "_latest_artifact_path": "wandb-client-artifact://tgxtxdr8uqe5bn2j2qhreqn7mgfu0k5ovylezgmzsi5gji3j0ec6tfguy9239vb60xcatao71u2jmkjbssdq0wv67pw1hydtp636i2knjybmug5og8n8bqsgtxx49xjg:latest/NRC3_vs_epoch_table.table.json", "path": "media/table/NRC3_vs_epoch_table_123_cc9ca77c25d1a3f8ea4e.table.json", "ncols": 2, "nrows": 122}, "_wandb": {"runtime": 445}}