{"train": {"prediction_error": 0.002707056235522032, "W11": 0.3677196502685547, "W22": 0.40773001313209534, "W12": 0.018322451040148735, "cosSIM_W12": 0.04731935262680054, "WWT_norm": 0.5496662259101868, "NRC1": 1.142205037717009, "NRC2": 0.014569375663995743}, "validation": {"prediction_error": 0.002933704061433673}, "C": {"mu11": 0.009749006479978561, "mu12": -0.00010248277976643294, "mu22": 0.01237925048917532, "min_eigval": 0.009745019488036633, "max_eigval": 0.012383237481117249, "sigma11": 0.09873585402965546, "sigma12": -0.000488020945340395, "sigma21": -0.00048802047967910767, "sigma22": 0.11126101016998291, "m1": -0.028472568839788437, "m2": 0.01389823667705059}, "_timestamp": 1720514307.8182704, "_runtime": 126.03260350227356, "_step": 37, "train_mse_loss": 0.0016946755058597773}