{"train": {"prediction_error": 0.0020643468014895916, "W11": 0.3964844048023224, "W22": 0.4128696918487549, "W12": 0.028577035292983055, "cosSIM_W12": 0.07063136994838715, "WWT_norm": 0.57384192943573, "NRC1": 0.613312469055967, "NRC2": 0.004746163729578257}, "validation": {"prediction_error": 0.0020427037961781025}, "C": {"mu11": 0.009749006479978561, "mu12": -0.00010248277976643294, "mu22": 0.01237925048917532, "min_eigval": 0.009745019488036633, "max_eigval": 0.012383237481117249, "sigma11": 0.09873585402965546, "sigma12": -0.000488020945340395, "sigma21": -0.00048802047967910767, "sigma22": 0.11126101016998291, "m1": -0.028472568839788437, "m2": 0.01389823667705059}, "_timestamp": 1720520268.4069445, "_runtime": 385.4739544391632, "_step": 114, "train_mse_loss": 0.0013029592810198665}