{"train": {"prediction_error": 0.002241105306893587, "W11": 0.3732307255268097, "W22": 0.4022364616394043, "W12": 0.027173124253749847, "cosSIM_W12": 0.07013101875782013, "WWT_norm": 0.5500655770301819, "NRC1": 0.6908936968001399, "NRC2": 0.005420161411166191}, "validation": {"prediction_error": 0.0021927414927631617}, "C": {"mu11": 0.009749006479978561, "mu12": -0.00010248277976643294, "mu22": 0.01237925048917532, "min_eigval": 0.009745019488036633, "max_eigval": 0.012383237481117249, "sigma11": 0.09873585402965546, "sigma12": -0.000488020945340395, "sigma21": -0.00048802047967910767, "sigma22": 0.11126101016998291, "m1": -0.028472568839788437, "m2": 0.01389823667705059}, "_timestamp": 1720520195.3010998, "_runtime": 312.36810970306396, "_step": 92, "train_mse_loss": 0.0015091208333615214}