{"train": {"prediction_error": 0.0020275770220905542, "W11": 0.40239304304122925, "W22": 0.41543418169021606, "W12": 0.028868714347481728, "cosSIM_W12": 0.07060752063989639, "WWT_norm": 0.5798038840293884, "NRC1": 0.5955493183316175, "NRC2": 0.004594771191477776}, "validation": {"prediction_error": 0.002017746679484844}, "C": {"best_c": 0.0}, "_timestamp": 1720520289.4711516, "_runtime": 406.5381615161896, "_step": 123, "train_mse_loss": 0.0013249861367512494, "NRC3_vs_gamma_table": {"_type": "table-file", "sha256": "63ef03f87561ab4471ef1c41c087207c14d8c7a10fc435616ffadbd8a5a7c251", "size": 45569, "artifact_path": "wandb-client-artifact://6cpccnpvjctfj9wmsg6413lklf4ps0c5bbgxi54nnga5r64sj2jjmb7abi8sg0h87i0otdc9yippp4dunmd9us8bz2s5j6z78zvwh6xd7ku71zp03juqfvfzsnhc672z/NRC3_vs_gamma_table.table.json", "_latest_artifact_path": "wandb-client-artifact://8jh6m8fxhatvza7l8gp0d7laorg52cmmnnh92ulb7f9rh4yvw3xstyulikpvhplooc2gmbdih3s8ndaedsezyyw1clvxig2uhuu7zfvmnqoebxqf7jxa3jguvrdxmfqs:latest/NRC3_vs_gamma_table.table.json", "path": "media/table/NRC3_vs_gamma_table_121_63ef03f87561ab4471ef.table.json", "ncols": 2, "nrows": 1000}, "NRC3_vs_epoch_table": {"_type": "table-file", "sha256": "8f555113dd9d0ed6f21956240315dace2fd76417fce655a5c04f36fc56b9368a", "size": 3519, "artifact_path": "wandb-client-artifact://k0jcxrzchg6mx94iu1h3saipvby44b39mo7vecxe2a6um0ce5q8ch684r3nb28n917uhpapr11305jyawk7hl2r2s9z2g0u69gg6uff6v92sgj8zyh8whff15xzl587f/NRC3_vs_epoch_table.table.json", "_latest_artifact_path": "wandb-client-artifact://2w21kggggsak2nxgkv5joiwqvzxrwmrl9abp5qpyd90kcgorxnhwkaatymdpzv2i7w3849h3a6x1zulrr0q1x45vamnqydwlt2m3o0nf4v6zizgpztl4a6z7z44z1nkz:latest/NRC3_vs_epoch_table.table.json", "path": "media/table/NRC3_vs_epoch_table_123_8f555113dd9d0ed6f219.table.json", "ncols": 2, "nrows": 122}, "_wandb": {"runtime": 405}}