{"train": {"prediction_error": 0.0381610244512558, "W11": 2.5297999382019043, "W22": 2.883065700531006, "W12": -0.244876891374588, "cosSIM_W12": -0.09067288786172867, "WWT_norm": 3.8512184619903564, "NRC1": 1.6541173253017623, "NRC2": 0.008930688723921776}, "validation": {"prediction_error": 0.08928585797548294}, "C": {"best_c": 0.0}, "_timestamp": 1720515312.7812898, "_runtime": 401.862646818161, "_step": 123, "train_mse_loss": 0.021495976485311985, "NRC3_vs_gamma_table": {"_type": "table-file", "sha256": "23373ceb859a6604a62b3cef3b555c839dad6e77f6905f779ce7a1cdb307860a", "size": 43956, "artifact_path": "wandb-client-artifact://p7fmhs29p5fx2l2o07k5b79twy348wj53gpdohot99c2dgewatmz627gz5sd3ibbagvases934k1olw8mnu65zdqu4h7ee1cgeu60qltj04xk0tutlpbj12r4lzshq7t/NRC3_vs_gamma_table.table.json", "_latest_artifact_path": "wandb-client-artifact://fgw5xzvvh0jemb2ow1ng6sog3ig0cq4v7pu73dlj1a7ec8l930orsmm7tup0voajdjp116kyk5ah2jnui87u4gj2oprbp4i6rr9p6qiqcpgxfcls30nipmxtltb0vsdn:latest/NRC3_vs_gamma_table.table.json", "path": "media/table/NRC3_vs_gamma_table_121_23373ceb859a6604a62b.table.json", "ncols": 2, "nrows": 1000}, "NRC3_vs_epoch_table": {"_type": "table-file", "sha256": "97be45aa2a8cd3f78e12dc291abfcd22ce98e17d5cfa62407d5dd337c101998b", "size": 3422, "artifact_path": "wandb-client-artifact://cph14xgvf2arsdmc8wwee5h6ous12ndrh2f730mmtnv6fehxi5ypndl84v3rsybri9arz075nmahfbqb53q5do5wayqc9svqrff4iirdweqaqz7yj3k8stjryp016xr3/NRC3_vs_epoch_table.table.json", "_latest_artifact_path": "wandb-client-artifact://pbtx8gc4emyogvq8cgx3gsc7wykw6qzzkrkdha3lvtfie9211n3gdrgejjisvwwjrn7n45haz0a90ajg1u1fio259iv0sq28odp5gpjf6wccfxwx73avooi6hswsle5z:latest/NRC3_vs_epoch_table.table.json", "path": "media/table/NRC3_vs_epoch_table_123_97be45aa2a8cd3f78e12.table.json", "ncols": 2, "nrows": 122}, "_wandb": {"runtime": 401}}