{"train": {"prediction_error": 0.00215599755756557, "W11": 0.4654043912887573, "W22": 0.5008514523506165, "W12": 0.028876565396785736, "cosSIM_W12": 0.05981028079986572, "WWT_norm": 0.6849241852760315, "NRC1": 1.533870404359186, "NRC2": 0.02620924636721611}, "validation": {"prediction_error": 0.0027816728688776493}, "C": {"mu11": 0.009749006479978561, "mu12": -0.00010248277976643294, "mu22": 0.01237925048917532, "min_eigval": 0.009745019488036633, "max_eigval": 0.012383237481117249, "sigma11": 0.09873585402965546, "sigma12": -0.000488020945340395, "sigma21": -0.00048802047967910767, "sigma22": 0.11126101016998291, "m1": -0.028472568839788437, "m2": 0.01389823667705059}, "_timestamp": 1720514305.6205566, "_runtime": 149.10163354873657, "_step": 45, "train_mse_loss": 0.0010764234029920772}