{"train": {"prediction_error": 0.11461058259010315, "W11": 1.6524639129638672, "W22": 2.3566579818725586, "W33": 2.058664083480835, "W12": -0.2546565532684326, "W13": -0.10160289704799652, "W23": -0.0630037784576416, "cosSIM_W12": -0.12904483079910278, "cosSIM_W13": -0.05508679151535034, "cosSIM_W23": -0.02860390953719616, "WWT_norm": 3.561018943786621, "NRC1": 0.9205693312913412, "NRC2": 0.0068621039390563965}, "validation": {"prediction_error": 0.11466249823570251}, "C": {"mu11": 0.2426486611366272, "mu22": 0.37990137934684753, "mu33": 0.4115426242351532, "mu12": -0.06536243110895157, "mu13": -0.028486017137765884, "mu23": 0.02330269105732441, "min_eigval": 0.21484717726707458, "max_eigval": 0.44189733266830444, "m1": 0.004102284088730812, "m2": 0.1969049870967865, "m3": -0.16461147367954254}, "_timestamp": 1720513911.8978212, "_runtime": 479.9990482330322, "_step": 14, "train_mse_loss": 0.06348890131339431}