{"train": {"prediction_error": 0.34484151005744934, "W11": 2.1479738165908202e-07, "W22": 1.9876191004186694e-07, "W33": 2.46590900587762e-07, "W12": 3.3564077739356435e-08, "W13": 2.433573342841555e-08, "W23": 8.575156584811339e-09, "cosSIM_W12": 0.1624402552843094, "cosSIM_W13": 0.1057405173778534, "cosSIM_W23": 0.038733527064323425, "WWT_norm": 3.87344670116363e-07, "NRC1": 2.0739388761362166e-07, "NRC2": 8.143395402449016e-10}, "validation": {"prediction_error": 0.33893248438835144}, "C": {"mu11": 0.2426486611366272, "mu22": 0.37990137934684753, "mu33": 0.4115426242351532, "mu12": -0.06536243110895157, "mu13": -0.028486017137765884, "mu23": 0.02330269105732441, "min_eigval": 0.21484717726707458, "max_eigval": 0.44189733266830444, "m1": 0.004102284088730812, "m2": 0.1969049870967865, "m3": -0.16461147367954254}, "_timestamp": 1720514544.2540834, "_runtime": 45.6458694934845, "_step": 1, "train_mse_loss": 0.17224783822894096}