{"train": {"prediction_error": 0.031266409903764725, "W11": 0.35356152057647705, "W22": 0.3436313569545746, "W12": 0.00305365864187479, "cosSIM_W12": 0.008760759606957436, "WWT_norm": 0.4930587410926819, "NRC1": 1.2406336322135902, "NRC2": 0.021583983674645424}, "validation": {"prediction_error": 0.023791195824742317}, "C": {"mu11": 0.009749006479978561, "mu12": -0.00010248277976643294, "mu22": 0.01237925048917532, "min_eigval": 0.009745019488036633, "max_eigval": 0.012383237481117249, "sigma11": 0.09873585402965546, "sigma12": -0.000488020945340395, "sigma21": -0.00048802047967910767, "sigma22": 0.11126101016998291, "m1": -0.028472568839788437, "m2": 0.01389823667705059}, "_timestamp": 1720512920.319573, "_runtime": 3.865787982940674, "_step": 0, "_wandb": {"runtime": 3}}