{"train": {"prediction_error": 0.03701590746641159, "W11": 2.4283242225646973, "W22": 3.02709698677063, "W12": -0.2279936969280243, "cosSIM_W12": -0.08409231901168823, "WWT_norm": 3.8941028118133545, "NRC1": 4.765132304959931, "NRC2": 0.031819917261600494}, "validation": {"prediction_error": 0.09418842941522598}, "C": {"best_c": 0.0}, "_timestamp": 1720515191.566942, "_runtime": 393.87287306785583, "_step": 123, "train_mse_loss": 0.0187757546082139, "NRC3_vs_gamma_table": {"_type": "table-file", "sha256": "66a854f63f3b8141550d38bd4b6d847855d75e521565e28aabb385bd01b84a50", "size": 43818, "artifact_path": "wandb-client-artifact://t3hmqzb0o7fa3mm2gc0m4ny7w211jkzaz7qbjbfion32dehiwgzrmuayxsd4xlwvg9m1k13k03yppml6lsmvwqrgtqgmyam984z91tahb7uuawccdn5v2en0th53h7p1/NRC3_vs_gamma_table.table.json", "_latest_artifact_path": "wandb-client-artifact://2h867oa6lzbkeywq0crzv2piezeql32fv46blbhstpcuhttmajd2jnjq6fa5scsj4gepb1r37um06w7sj7w9wlsl3x610v4bnmu3ia3fdj6eklv95dabxlnfqodzsg3w:latest/NRC3_vs_gamma_table.table.json", "path": "media/table/NRC3_vs_gamma_table_121_66a854f63f3b8141550d.table.json", "ncols": 2, "nrows": 1000}, "NRC3_vs_epoch_table": {"_type": "table-file", "sha256": "5c8cd8a3b2a9b60799cff6dd4a4a7333389e37f1c99284fb4465c4690e7b506c", "size": 3402, "artifact_path": "wandb-client-artifact://z34dkbq49dko0u4nl2iyqchblp33ubkzl4ila4tkubc7e90hd3mioljaere6l1ts6u2qgpj5jkywd10o6wipfot8egnfp0cnyp51cblp45vzo78k29h22ump4ldkvg2v/NRC3_vs_epoch_table.table.json", "_latest_artifact_path": "wandb-client-artifact://h628cf1bkseb50d3jajkd5mx8beoeb0t85l8lfmpim6j5izzxjo3ko6t5un1zqibtjxxac3ab5r9bgmwttaf1f6isiv276aya2vguvoyv46vs827xsurmz016zawfam3:latest/NRC3_vs_epoch_table.table.json", "path": "media/table/NRC3_vs_epoch_table_123_5c8cd8a3b2a9b60799cf.table.json", "ncols": 2, "nrows": 122}, "_wandb": {"runtime": 393}}