{"train": {"prediction_error": 0.01106431894004345, "W11": 0.00010659620602382347, "W22": 0.00012457903358154, "W12": -5.521783168660477e-05, "cosSIM_W12": -0.47916603088378906, "WWT_norm": 0.00018160590843763202, "NRC1": 1.2596558584211659e-05, "NRC2": 5.203774477990919e-08}, "validation": {"prediction_error": 0.010297086089849472}, "C": {"best_c": 0.0025264865339354233}, "_timestamp": 1720513844.0335417, "_runtime": 448.2774567604065, "_step": 123, "train_mse_loss": 0.005533426417969167, "NRC3_vs_gamma_table": {"_type": "table-file", "sha256": "92beed912906a1ba1018e5a7e3e6df47200e775cd5f6f6ef55c6e8584d763a1a", "size": 44915, "artifact_path": "wandb-client-artifact://a6xrsam2n7uxbz31yql0i79fbmxbyebmiwis5i8vcae11h88n7m4jppsehr2ls3seoa73e1wj99idvvbwq7zkpxgr2yokgat6657gtk7pk6ozfklq49uf81cord7782t/NRC3_vs_gamma_table.table.json", "_latest_artifact_path": "wandb-client-artifact://n9f4rc7bzsoo97duyp6yz3ircn3izf6arlgncb6f8332e0jn08e10ofdxabfl03nkfbebwmosg6wivdjxf21olg7efkqdqkg9tw6c181158y9j7ls7nwq6dlj6mr6fpu:latest/NRC3_vs_gamma_table.table.json", "path": "media/table/NRC3_vs_gamma_table_121_92beed912906a1ba1018.table.json", "ncols": 2, "nrows": 1000}, "NRC3_vs_epoch_table": {"_type": "table-file", "sha256": "cc9ca77c25d1a3f8ea4eba47420305578109c7f93a7c6c44cd69c41e0f4f1b6c", "size": 3347, "artifact_path": "wandb-client-artifact://ijnzm1dyrsgokgeisesxyg47eonrmgv33z1ddvylc6ucswixy15egk9kz7e0ktuoyoc7zk990da77hs6qo2lkx3ghf87kna6syhoojx4kd4y38rhooannnecnx4rczxd/NRC3_vs_epoch_table.table.json", "_latest_artifact_path": "wandb-client-artifact://x6hfsfilkm2q63p515bno0u5h3z7jku5gv088fklrrmaj1iuft8cf9dxkhljn335kj1jyg2z7zqrrt22etedvrhlh2sy8x9ez8cpcekbg10cmwl71xcbok6i0hqzi7p3:latest/NRC3_vs_epoch_table.table.json", "path": "media/table/NRC3_vs_epoch_table_123_cc9ca77c25d1a3f8ea4e.table.json", "ncols": 2, "nrows": 122}, "_wandb": {"runtime": 447}}