{"train": {"prediction_error": 0.09437787532806396, "W11": 1.4963140487670898, "W22": 1.1922476291656494, "W12": -0.6561146378517151, "cosSIM_W12": -0.49123021960258484, "WWT_norm": 2.126354455947876, "NRC1": 0.024809443677859463, "NRC2": 0.0002597839629743248}, "validation": {"prediction_error": 0.17111843824386597}, "C": {"mu11": 0.40136387944221497, "mu12": -0.0900583267211914, "mu22": 0.3401557505130768, "min_eigval": 0.275643527507782, "max_eigval": 0.46587610244750977, "sigma11": 0.6291279196739197, "sigma12": -0.07457821071147919, "sigma21": -0.07457821071147919, "sigma22": 0.5784408450126648, "m1": 1.3272080421447754, "m2": 0.11907034367322922}, "_timestamp": 1720513896.7884386, "_runtime": 501.02558946609497, "_step": 118, "train_mse_loss": 0.04738896246999502}