{"train": {"prediction_error": 0.10304512828588486, "W11": 1.109500765800476, "W22": 0.9592357873916626, "W12": -0.461097776889801, "cosSIM_W12": -0.4469577968120575, "WWT_norm": 1.6051005125045776, "NRC1": 0.3163237236673012, "NRC2": 0.005215442273765802}, "validation": {"prediction_error": 0.1873106211423874}, "C": {"mu11": 0.40136387944221497, "mu12": -0.0900583267211914, "mu22": 0.3401557505130768, "min_eigval": 0.275643527507782, "max_eigval": 0.46587610244750977, "sigma11": 0.6291279196739197, "sigma12": -0.07457821071147919, "sigma21": -0.07457821071147919, "sigma22": 0.5784408450126648, "m1": 1.3272080421447754, "m2": 0.11907034367322922}, "_timestamp": 1720514551.0954587, "_runtime": 61.741177797317505, "_step": 16, "train_mse_loss": 0.051873449236154556}