{"train": {"prediction_error": 0.00849413126707077, "W11": 0.10950145125389099, "W22": 0.1257079690694809, "W12": -0.008888330310583115, "cosSIM_W12": -0.07575805485248566, "WWT_norm": 0.1671857237815857, "NRC1": 0.05751602341137277, "NRC2": 0.000603051099460572}, "validation": {"prediction_error": 0.008760971948504448}, "C": {"mu11": 0.009749006479978561, "mu12": -0.00010248277976643294, "mu22": 0.01237925048917532, "min_eigval": 0.009745019488036633, "max_eigval": 0.012383237481117249, "sigma11": 0.09873585402965546, "sigma12": -0.000488020945340395, "sigma21": -0.00048802047967910767, "sigma22": 0.11126101016998291, "m1": -0.028472568839788437, "m2": 0.01389823667705059}, "_timestamp": 1720514300.5614326, "_runtime": 151.95884156227112, "_step": 18, "train_mse_loss": 0.004243501927703619}