{"train": {"prediction_error": 0.05267499387264252, "W11": 1.6035573482513428, "W22": 1.7033271789550781, "W12": -0.4753839373588562, "cosSIM_W12": -0.28764259815216064, "WWT_norm": 2.434070587158203, "NRC1": 1.8219393258565688, "NRC2": 0.013209658674895763}, "validation": {"prediction_error": 0.11227039992809296}, "C": {"mu11": 0.40136387944221497, "mu12": -0.0900583267211914, "mu22": 0.3401557505130768, "min_eigval": 0.275643527507782, "max_eigval": 0.46587610244750977, "sigma11": 0.6291279196739197, "sigma12": -0.07457821071147919, "sigma21": -0.07457821071147919, "sigma22": 0.5784408450126648, "m1": 1.3272080421447754, "m2": 0.11907034367322922}, "_timestamp": 1720514306.4581296, "_runtime": 128.20384168624878, "_step": 34, "train_mse_loss": 0.030714462511241436}