{"train": {"prediction_error": 0.04014991596341133, "W11": 2.7631845474243164, "W22": 2.8976449966430664, "W12": -0.2856001853942871, "cosSIM_W12": -0.10093248635530472, "WWT_norm": 4.0242600440979, "NRC1": 1.01642847678022, "NRC2": 0.005944912321865559}, "validation": {"prediction_error": 0.09057340025901794}, "C": {"best_c": 0.0}, "_timestamp": 1720513872.5608144, "_runtime": 439.4629924297333, "_step": 123, "train_mse_loss": 0.024195640347898006, "NRC3_vs_gamma_table": {"_type": "table-file", "sha256": "669a6c137dd344c952bf2888599effe34c0349f6f159eb85fa71309e17468292", "size": 44022, "artifact_path": "wandb-client-artifact://heudo9jkqpz5dpbmw7anpt6xkxeo50b9sweuwn3cwyeunnz2jpgrt8nxqj9pqfg7fwc7tdig57z1l86ntn27fu7pu17ljrxe2b5v7vc5yk07e04ruydmzwsh7gr3g0nz/NRC3_vs_gamma_table.table.json", "_latest_artifact_path": "wandb-client-artifact://sy5gsbvz6v9le4wgrseftggxxefy9koaxulasthzzd2wkcjfcbcobajrrhq5gxqxaaxwwcm8zeby5ico767drp53k1kxk2zod87vxzex1kgine45c2acfw155ha6d3zd:latest/NRC3_vs_gamma_table.table.json", "path": "media/table/NRC3_vs_gamma_table_121_669a6c137dd344c952bf.table.json", "ncols": 2, "nrows": 1000}, "NRC3_vs_epoch_table": {"_type": "table-file", "sha256": "8556ded49f5b757bae579ad9d2970949577a5e9dd2a5f373a1675aec3378be6d", "size": 3466, "artifact_path": "wandb-client-artifact://54h2teid62dlgjxz050af7frbgodhwqipdecvud7c9y3vdy3y8rk61stkkqpesfxw2l3sinv2kx2wj9g4lg1zbot6cxx9jqvs9ttjrmt548ko2gb18pbw9qkue976np3/NRC3_vs_epoch_table.table.json", "_latest_artifact_path": "wandb-client-artifact://ye3i45f6ywfxltry3kzflnadrgjwjnuh7yrudi2ceosq1g8swl6qaz80xqudeu4z9m2dv1rh3ccr5im5ax9w9iixzf8kuz3soeyhwbsegirqmtvmfod49iyk25tas8f4:latest/NRC3_vs_epoch_table.table.json", "path": "media/table/NRC3_vs_epoch_table_123_8556ded49f5b757bae57.table.json", "ncols": 2, "nrows": 122}, "_wandb": {"runtime": 438}}