{"train": {"prediction_error": 0.19567321240901947, "W11": 0.6140425205230713, "W22": 0.6483272314071655, "W33": 0.5174917578697205, "W12": -0.17753811180591583, "W13": -0.015053533017635345, "W23": 0.052718035876750946, "cosSIM_W12": -0.2813812792301178, "cosSIM_W13": -0.026704685762524605, "cosSIM_W23": 0.09101445227861404, "WWT_norm": 1.0650001764297485, "NRC1": 0.09076855963176968, "NRC2": 0.0004390237445477396}, "validation": {"prediction_error": 0.19320599734783173}, "C": {"mu11": 0.2426486611366272, "mu22": 0.37990137934684753, "mu33": 0.4115426242351532, "mu12": -0.06536243110895157, "mu13": -0.028486017137765884, "mu23": 0.02330269105732441, "min_eigval": 0.21484717726707458, "max_eigval": 0.44189733266830444, "m1": 0.004102284088730812, "m2": 0.1969049870967865, "m3": -0.16461147367954254}, "_timestamp": 1720514297.404219, "_runtime": 155.98137187957764, "_step": 3, "train_mse_loss": 0.09724382683634758}