{"train": {"prediction_error": 0.0015115251298993826, "W11": 0.6020495891571045, "W22": 0.5712887644767761, "W12": 0.043558843433856964, "cosSIM_W12": 0.0742732435464859, "WWT_norm": 0.8322435021400452, "NRC1": 1.6040757734655782, "NRC2": 0.027886951342225075}, "validation": {"prediction_error": 0.002172413980588317}, "C": {"best_c": 0.0}, "_timestamp": 1720513550.2749074, "_runtime": 395.04403734207153, "_step": 123, "train_mse_loss": 0.0007585990388179198, "NRC3_vs_gamma_table": {"_type": "table-file", "sha256": "f28e9fcbd7402e3a8e4d491690d9161f9bce70055c36d0b13b9ba27154d07407", "size": 45426, "artifact_path": "wandb-client-artifact://381jbwcyf8bqzg31mrlbchott5tpapnombsx6ca8qdsuvqhfligacvthwudyz3wilbk7mm8wirr4i7sw84jwwm32pt4flm47ejq16s0lb4btzemsvtsqyulfre8hd1gs/NRC3_vs_gamma_table.table.json", "_latest_artifact_path": "wandb-client-artifact://86qxaxxfqr6tsowowmmuh9pnsy2f03v5ez9q0jlu4b5dxkhk2ecchkh7ayrhhnnm3gqgxm7l51zvhtelx1mkhsxaxwj4y7dsyqbfhaxm1nxv99zqk4syj2mksxoejsgb:latest/NRC3_vs_gamma_table.table.json", "path": "media/table/NRC3_vs_gamma_table_121_f28e9fcbd7402e3a8e4d.table.json", "ncols": 2, "nrows": 1000}, "NRC3_vs_epoch_table": {"_type": "table-file", "sha256": "91b9ebdf9e0b61f311f858fdc9e831ab5f92e072fb610f2a78e0fa56fd857697", "size": 3487, "artifact_path": "wandb-client-artifact://ehg8gn93616d0kj5nmyqp1ycw8rl57r64xjf038vzon3leh72mcjtiyzh0217vzep8fkv1r475aju2iyo6x8oxgv71z4cpr3y9r4lxbjiso0tqygazyqtomhc55gt9s8/NRC3_vs_epoch_table.table.json", "_latest_artifact_path": "wandb-client-artifact://byz95e23wilaw1k2rri80c43m4hqpjm5cmcfjzbzz7ckaahjbasa36f4ov5bu1afckxi8n72bnbrxz9cbb0m11lplcbob307ef29q7xsh8fse8zu0ayppk1c9vam9ojz:latest/NRC3_vs_epoch_table.table.json", "path": "media/table/NRC3_vs_epoch_table_123_91b9ebdf9e0b61f311f8.table.json", "ncols": 2, "nrows": 122}, "_wandb": {"runtime": 394}}