{"train": {"prediction_error": 0.04805504158139229, "W11": 1.7105350494384766, "W22": 2.0453317165374756, "W12": -0.5007493495941162, "cosSIM_W12": -0.26771488785743713, "WWT_norm": 2.758769989013672, "NRC1": 4.255239998061734, "NRC2": 0.031100738793611526}, "validation": {"prediction_error": 0.11306428909301758}, "C": {"mu11": 0.40136387944221497, "mu12": -0.0900583267211914, "mu22": 0.3401557505130768, "min_eigval": 0.275643527507782, "max_eigval": 0.46587610244750977, "sigma11": 0.6291279196739197, "sigma12": -0.07457821071147919, "sigma21": -0.07457821071147919, "sigma22": 0.5784408450126648, "m1": 1.3272080421447754, "m2": 0.11907034367322922}, "_timestamp": 1720514305.822659, "_runtime": 151.0085790157318, "_step": 37, "train_mse_loss": 0.02397392364218831}