{"train": {"prediction_error": 0.09431273490190506, "W11": 1.4961508512496948, "W22": 1.1916074752807617, "W12": -0.6556276679039001, "cosSIM_W12": -0.4910242557525635, "WWT_norm": 2.125580310821533, "NRC1": 0.02408759333513808, "NRC2": 0.00025120715145021677}, "validation": {"prediction_error": 0.17126508057117462}, "C": {"best_c": 0.19866200180741045}, "_timestamp": 1720515145.8312898, "_runtime": 448.66861367225647, "_step": 123, "train_mse_loss": 0.04737646598368883, "NRC3_vs_gamma_table": {"_type": "table-file", "sha256": "7388656d67dfd91ed40e0f864aa745750d42677423d063ee51ac569b01cad93c", "size": 44379, "artifact_path": "wandb-client-artifact://iahu3l8q5j38e7ezm4gadyuivwzoba2i24v6lauk4ywzfpywf7zz09g171timdy0fo00r9nflmiuaj9zwpku8fw6oze07fgq5m74fz24lyklayaysqtaztp9zkqw3ebx/NRC3_vs_gamma_table.table.json", "_latest_artifact_path": "wandb-client-artifact://l57qxnf6rponw59k6lmi3jzbnckmwbhn19ibo8haob8jtegx8dg0vukb3xbdak09nzymdo6zlmi7e2a54wa62ge4b3qsknxuc14d1wowhsw4r710s8a7sk1jb6cnjvb5:latest/NRC3_vs_gamma_table.table.json", "path": "media/table/NRC3_vs_gamma_table_121_7388656d67dfd91ed40e.table.json", "ncols": 2, "nrows": 1000}, "NRC3_vs_epoch_table": {"_type": "table-file", "sha256": "6d0248e97ac36d36961fba8845f480f687d538ce4c6e54658ca3e3a68f202543", "size": 3503, "artifact_path": "wandb-client-artifact://wsm76k1ms9aq2qt36ezh5ot7dn2w37nahdfv9l8hdy8jof40eeiutdk08d4mfdl9wsaalxjurru2ubyb1q1bd9qeipyijocjbj6out2x9cxy66zl5s0z3jeo5ud232vt/NRC3_vs_epoch_table.table.json", "_latest_artifact_path": "wandb-client-artifact://kwq5d6akiqgewz2hdku1kl9pee6dd5yd0at66rg36jsdsth98zrqg8m9g5asew5gn3qu4ifccpgjcig9bdr9s4zerlrpfazc853jwjckanehnmrpuqg7vj8mgou339y6:latest/NRC3_vs_epoch_table.table.json", "path": "media/table/NRC3_vs_epoch_table_123_6d0248e97ac36d36961f.table.json", "ncols": 2, "nrows": 122}, "_wandb": {"runtime": 447}}