{"train": {"prediction_error": 1.288953423500061, "W11": 0.30144524574279785, "W22": 0.3585911989212036, "W12": 0.005155904218554497, "cosSIM_W12": 0.01568199321627617, "WWT_norm": 0.468519002199173, "NRC1": 1.3790321824374259, "NRC2": 0.007313934154808521}, "validation": {"prediction_error": 1.422621726989746}, "C": {"mu11": 0.40136387944221497, "mu12": -0.0900583267211914, "mu22": 0.3401557505130768, "min_eigval": 0.275643527507782, "max_eigval": 0.46587610244750977, "sigma11": 0.6291279196739197, "sigma12": -0.07457821071147919, "sigma21": -0.07457821071147919, "sigma22": 0.5784408450126648, "m1": 1.3272080421447754, "m2": 0.11907034367322922}, "_timestamp": 1720512920.149286, "_runtime": 4.005824089050293, "_step": 0, "_wandb": {"runtime": 3}}