{"train": {"prediction_error": 0.07987276464700699, "W11": 4.660472869873047, "W22": 5.519923686981201, "W33": 5.168048858642578, "W12": -0.2231123149394989, "W13": 0.03258603811264038, "W23": 0.11593613028526306, "cosSIM_W12": -0.043988775461912155, "cosSIM_W13": 0.00663977675139904, "cosSIM_W23": 0.021706460043787956, "WWT_norm": 8.889705657958984, "NRC1": 4.063840358283464, "NRC2": 0.026612689718604088}, "validation": {"prediction_error": 0.09846583008766174}, "C": {"best_c": 0.0}, "_timestamp": 1720518420.9147995, "_runtime": 3625.364208459854, "_step": 123, "train_mse_loss": 0.03234582166187465, "NRC3_vs_gamma_table": {"_type": "table-file", "sha256": "d55f3933c9ddc4675685e883854eefd0bb49ccfb2dbf2a9e235c5ce67f909844", "size": 44085, "artifact_path": "wandb-client-artifact://9jg566b4ns7p5jg9dryjnu85bb2bk9qjmkw83exmlwc3h6qnars8g9pufoq0z3yidhv4d5prk5h387w3h25dpb1jg9mwegdyok2xdp8cf7ifesch87m28cz41mq4f28y/NRC3_vs_gamma_table.table.json", "_latest_artifact_path": "wandb-client-artifact://0wm1dkv4gjh8cub0dm2s3xe0u1wnm1rc7l2hdw8lo4yhzq63nov9v3ce5euguchmmd2ushoa7ncu17umceahewfe840449zrs8ypp184q6oesqz9ap1ljj2tx02z033k:latest/NRC3_vs_gamma_table.table.json", "path": "media/table/NRC3_vs_gamma_table_121_d55f3933c9ddc4675685.table.json", "ncols": 2, "nrows": 1000}, "NRC3_vs_epoch_table": {"_type": "table-file", "sha256": "a3bcdd519f6b34f49a4577b908fbb963dca0e062608ff24aaf4c06d5f55e6e83", "size": 3454, "artifact_path": "wandb-client-artifact://0fjui2th3l3n9va3st8o84nk9t2xdxd0vj9umj55qt23gibqr6fd0sagxqehsfz2vdb30i0b9v12hk5qguwsjr6upedo3opojw34lz2qfvke5u55ebjtg78d4s0vwmjv/NRC3_vs_epoch_table.table.json", "_latest_artifact_path": "wandb-client-artifact://3lcri4dtn418n3p61xq2lmfrsbtcf9wantl9r7l8xqmku6lifg3isv7ctstddkfncj5qmk6h4hux3x47wole4qu01j79adt9vf7u5im7ftsqcp9pjpt1m975btosz2w8:latest/NRC3_vs_epoch_table.table.json", "path": "media/table/NRC3_vs_epoch_table_123_a3bcdd519f6b34f49a45.table.json", "ncols": 2, "nrows": 122}, "_wandb": {"runtime": 3624}}