{"train": {"prediction_error": 0.15104736387729645, "W11": 0.8880718946456909, "W22": 0.8074949979782104, "W33": 0.8622766733169556, "W12": -0.10353294759988785, "W13": -0.0730736255645752, "W23": 0.05683949589729309, "cosSIM_W12": -0.12226006388664246, "cosSIM_W13": -0.08350513875484467, "cosSIM_W23": 0.06811722368001938, "WWT_norm": 1.4909124374389648, "NRC1": 2.914162507150532, "NRC2": 0.017886705696582794}, "validation": {"prediction_error": 0.1482987254858017}, "C": {"mu11": 0.2426486611366272, "mu22": 0.37990137934684753, "mu33": 0.4115426242351532, "mu12": -0.06536243110895157, "mu13": -0.028486017137765884, "mu23": 0.02330269105732441, "min_eigval": 0.21484717726707458, "max_eigval": 0.44189733266830444, "m1": 0.004102284088730812, "m2": 0.1969049870967865, "m3": -0.16461147367954254}, "_timestamp": 1720514547.507291, "_runtime": 106.28203916549683, "_step": 3, "train_mse_loss": 0.07763401502743364}