{"train": {"prediction_error": 0.07469635456800461, "W11": 6.325151443481445, "W22": 8.56528091430664, "W33": 8.291974067687988, "W12": -0.34897321462631226, "W13": -0.09747764468193054, "W23": -0.24803955852985382, "cosSIM_W12": -0.0474117286503315, "cosSIM_W13": -0.013459865003824234, "cosSIM_W23": -0.029432106763124466, "WWT_norm": 13.509775161743164, "NRC1": 0.41279330912241713, "NRC2": 0.0021973822731524706}, "validation": {"prediction_error": 0.08897804468870163}, "C": {"best_c": 0.0}, "_timestamp": 1720518646.6965084, "_runtime": 3730.855108499527, "_step": 123, "train_mse_loss": 0.03273148885928094, "NRC3_vs_gamma_table": {"_type": "table-file", "sha256": "e81ff8a12bbee4d1e94fad7e6202f4b51dd3d1d17eafc0f8b3562cbc6224e98f", "size": 44216, "artifact_path": "wandb-client-artifact://0xavcoajve1s2qbs8dbstwafwr1vrotom90hgxzzqq6bs61emezk6l6np45jh0nflso9fgv0yg6houymdiok56opdu8oo9j2ygi3ucemaj9mz4qv0qriwurg6lwel7od/NRC3_vs_gamma_table.table.json", "_latest_artifact_path": "wandb-client-artifact://qv9g7luuxwhojdr5hj2r8p9y0lyrrauke5lg8tplc8ccnmgszmk6epmx8qtcn315iimjnpis962jvbdhfstbxpfyg7e6ojs76nlitdz3auq2txywu1qgaqa984tzradb:latest/NRC3_vs_gamma_table.table.json", "path": "media/table/NRC3_vs_gamma_table_121_e81ff8a12bbee4d1e94f.table.json", "ncols": 2, "nrows": 1000}, "NRC3_vs_epoch_table": {"_type": "table-file", "sha256": "7fb800e70df715d9a0475c5a716738e524cd527988c756b85b8ce980ec2bd50e", "size": 3459, "artifact_path": "wandb-client-artifact://7pmo9i2407zeueehokq2gwip9uvv33gx3uo58p2tcuk6fbuizn4vt7rohfr8q93a0cv9538h6v5nfg6iimunwkmccuw6ka4qrzhxmud6gpz3ehqi6kj3wivzxl6u1ril/NRC3_vs_epoch_table.table.json", "_latest_artifact_path": "wandb-client-artifact://nonl1yzmx6a3uzw0uuq8rcej5k9xeqslcwu8rttoq8sjj6wc0ksnpjy09h352p3i0pxdzqfa3w4072ye7s8wzwbm5t4phf3fnalu9fxf3xeta9s9ytvr7urz3x2otpk4:latest/NRC3_vs_epoch_table.table.json", "path": "media/table/NRC3_vs_epoch_table_123_7fb800e70df715d9a047.table.json", "ncols": 2, "nrows": 122}, "_wandb": {"runtime": 3730}}