{"train": {"prediction_error": 0.05448627099394798, "W11": 1.548948049545288, "W22": 1.6232821941375732, "W12": -0.4718764126300812, "cosSIM_W12": -0.29758626222610474, "WWT_norm": 2.3408586978912354, "NRC1": 1.8154678155863657, "NRC2": 0.013631769455969334}, "validation": {"prediction_error": 0.11597070097923279}, "C": {"mu11": 0.40136387944221497, "mu12": -0.0900583267211914, "mu22": 0.3401557505130768, "min_eigval": 0.275643527507782, "max_eigval": 0.46587610244750977, "sigma11": 0.6291279196739197, "sigma12": -0.07457821071147919, "sigma21": -0.07457821071147919, "sigma22": 0.5784408450126648, "m1": 1.3272080421447754, "m2": 0.11907034367322922}, "_timestamp": 1720514553.4184272, "_runtime": 107.10094833374023, "_step": 31, "train_mse_loss": 0.03064707387238741}