{"train": {"prediction_error": 0.0015115251298993826, "W11": 0.6020495891571045, "W22": 0.5712887644767761, "W12": 0.043558843433856964, "cosSIM_W12": 0.0742732435464859, "WWT_norm": 0.8322435021400452, "NRC1": 1.6040757734655782, "NRC2": 0.027886951342225075}, "validation": {"prediction_error": 0.002172413980588317}, "C": {"best_c": 0.0}, "_timestamp": 1720515180.2708445, "_runtime": 394.66712045669556, "_step": 123, "train_mse_loss": 0.0007585990388179198, "NRC3_vs_gamma_table": {"_type": "table-file", "sha256": "f28e9fcbd7402e3a8e4d491690d9161f9bce70055c36d0b13b9ba27154d07407", "size": 45426, "artifact_path": "wandb-client-artifact://wgcxslj6rzm5545vc6n5rg8oa60b8wcilz3s5qxp1h6ky1nkkie0wfh1hy0i2r9v3kebwrmunhynrvrbbm6sb9iz5nkr3r5fyyzapkc0fm9omudi1rg6bblx8odglpsx/NRC3_vs_gamma_table.table.json", "_latest_artifact_path": "wandb-client-artifact://xcid9x6pnenf3z54iwt39c2dk5v7tyiyv39eixwp0efww8xncqv1t9xcjnram8tw5qew5go0bxj2akls6ufrk1s859vrjhj5f0mytsnxbwhbtkkqs4f6dee78d8rmxjk:latest/NRC3_vs_gamma_table.table.json", "path": "media/table/NRC3_vs_gamma_table_121_f28e9fcbd7402e3a8e4d.table.json", "ncols": 2, "nrows": 1000}, "NRC3_vs_epoch_table": {"_type": "table-file", "sha256": "91b9ebdf9e0b61f311f858fdc9e831ab5f92e072fb610f2a78e0fa56fd857697", "size": 3487, "artifact_path": "wandb-client-artifact://eu2qcv6ih9sw3zeysdccdwvr81gftl8g2y3eb4lhudmo61789dbw8ukse4zgv52cr0h7o23l5fl2sxzz23wbxs0lbduoq2kun4hoq9inme1twf4htftrl1gjs8b7ny2q/NRC3_vs_epoch_table.table.json", "_latest_artifact_path": "wandb-client-artifact://phctrv2xxelqhmix2g292yb754rtlxyzsnxljxlt4bo0gjz30b9uxjyh25forfifa1mssb71967f12d64zbchx36kz2vrndv44kxdzes0hy9e3ok6kvica9nlzm05h83:latest/NRC3_vs_epoch_table.table.json", "path": "media/table/NRC3_vs_epoch_table_123_91b9ebdf9e0b61f311f8.table.json", "ncols": 2, "nrows": 122}, "_wandb": {"runtime": 393}}