{"train": {"prediction_error": 0.044323381036520004, "W11": 1.8406333923339844, "W22": 2.2816123962402344, "W12": -0.4794048070907593, "cosSIM_W12": -0.2339363545179367, "WWT_norm": 3.008877754211426, "NRC1": 4.348464260503882, "NRC2": 0.031065504997968674}, "validation": {"prediction_error": 0.11014553159475327}, "C": {"mu11": 0.40136387944221497, "mu12": -0.0900583267211914, "mu22": 0.3401557505130768, "min_eigval": 0.275643527507782, "max_eigval": 0.46587610244750977, "sigma11": 0.6291279196739197, "sigma12": -0.07457821071147919, "sigma21": -0.07457821071147919, "sigma22": 0.5784408450126648, "m1": 1.3272080421447754, "m2": 0.11907034367322922}, "_timestamp": 1720514305.471382, "_runtime": 153.64158987998962, "_step": 47, "train_mse_loss": 0.022164690773934126}