{"train": {"prediction_error": 0.01116383820772171, "W11": 2.0196370087433024e-07, "W22": 2.0310307036197628e-07, "W12": 2.444431324022389e-08, "cosSIM_W12": 0.12069322168827057, "WWT_norm": 2.8850519129264285e-07, "NRC1": 1.088764761902894e-07, "NRC2": 4.2967540636595913e-10}, "validation": {"prediction_error": 0.010579423978924751}, "C": {"mu11": 0.009749006479978561, "mu12": -0.00010248277976643294, "mu22": 0.01237925048917532, "min_eigval": 0.009745019488036633, "max_eigval": 0.012383237481117249, "sigma11": 0.09873585402965546, "sigma12": -0.000488020945340395, "sigma21": -0.00048802047967910767, "sigma22": 0.11126101016998291, "m1": -0.028472568839788437, "m2": 0.01389823667705059}, "_timestamp": 1720514554.1957939, "_runtime": 59.90999984741211, "_step": 14, "train_mse_loss": 0.005595805705524981}