{"train": {"prediction_error": 0.1442386656999588, "W11": 1.1420484781265259, "W22": 1.1943306922912598, "W33": 1.1671563386917114, "W12": -0.10804922878742218, "W13": -0.11470116674900055, "W23": 0.06747409701347351, "cosSIM_W12": -0.09251606464385986, "cosSIM_W13": -0.09934845566749573, "cosSIM_W23": 0.057149212807416916, "WWT_norm": 2.0375776290893555, "NRC1": 4.654216327285766, "NRC2": 0.06845692545175552}, "validation": {"prediction_error": 0.1409110575914383}, "C": {"mu11": 0.2426486611366272, "mu22": 0.37990137934684753, "mu33": 0.4115426242351532, "mu12": -0.06536243110895157, "mu13": -0.028486017137765884, "mu23": 0.02330269105732441, "min_eigval": 0.21484717726707458, "max_eigval": 0.44189733266830444, "m1": 0.004102284088730812, "m2": 0.1969049870967865, "m3": -0.16461147367954254}, "_timestamp": 1720514283.9789915, "_runtime": 129.3216094970703, "_step": 4, "train_mse_loss": 0.06935376711189747}