{"train": {"prediction_error": 0.19787971675395966, "W11": 0.6372765898704529, "W22": 0.7004035115242004, "W33": 0.5364755988121033, "W12": -0.1985192894935608, "W13": -0.010241147130727768, "W23": 0.05385468527674675, "cosSIM_W12": -0.2971423864364624, "cosSIM_W13": -0.017514994367957115, "cosSIM_W23": 0.08785660564899445, "WWT_norm": 1.1266422271728516, "NRC1": 0.03181405341150821, "NRC2": 0.0001487647241447121}, "validation": {"prediction_error": 0.19519945979118347}, "C": {"mu11": 0.2426486611366272, "mu22": 0.37990137934684753, "mu33": 0.4115426242351532, "mu12": -0.06536243110895157, "mu13": -0.028486017137765884, "mu23": 0.02330269105732441, "min_eigval": 0.21484717726707458, "max_eigval": 0.44189733266830444, "m1": 0.004102284088730812, "m2": 0.1969049870967865, "m3": -0.16461147367954254}, "_timestamp": 1720514305.0308104, "_runtime": 156.34879446029663, "_step": 4, "train_mse_loss": 0.099302164837718}