{"train": {"prediction_error": 0.01059718057513237, "W11": 0.03127641975879669, "W22": 0.03762746602296829, "W12": -0.01069297082722187, "cosSIM_W12": -0.3117004334926605, "WWT_norm": 0.05121249705553055, "NRC1": 0.005810033491231081, "NRC2": 3.189863127772696e-05}, "validation": {"prediction_error": 0.010057443752884865}, "C": {"mu11": 0.009749006479978561, "mu12": -0.00010248277976643294, "mu22": 0.01237925048917532, "min_eigval": 0.009745019488036633, "max_eigval": 0.012383237481117249, "sigma11": 0.09873585402965546, "sigma12": -0.000488020945340395, "sigma21": -0.00048802047967910767, "sigma22": 0.11126101016998291, "m1": -0.028472568839788437, "m2": 0.01389823667705059}, "_timestamp": 1720514306.6394672, "_runtime": 163.33113622665405, "_step": 43, "train_mse_loss": 0.005284871440380812}