{"train": {"prediction_error": 0.2836017310619354, "W11": 0.9890070557594299, "W22": 0.025573715567588806, "W12": 0.13740578293800354, "cosSIM_W12": 0.8639893531799316, "WWT_norm": 1.008240818977356, "NRC1": 7.002325904333864e-08, "NRC2": 5.675535066984594e-05}, "validation": {"prediction_error": 0.5348156094551086}, "C": {"mu11": 0.40136387944221497, "mu12": -0.0900583267211914, "mu22": 0.3401557505130768, "min_eigval": 0.275643527507782, "max_eigval": 0.46587610244750977, "sigma11": 0.6291279196739197, "sigma12": -0.07457821071147919, "sigma21": -0.07457821071147919, "sigma22": 0.5784408450126648, "m1": 1.3272080421447754, "m2": 0.11907034367322922}, "_timestamp": 1720514550.8780897, "_runtime": 51.90025472640991, "_step": 12, "train_mse_loss": 0.14216558262705803}