{"train": {"prediction_error": 0.20160195231437683, "W11": 0.6022531390190125, "W22": 0.7255069017410278, "W33": 0.4869459271430969, "W12": -0.22060295939445496, "W13": -0.006072770804166794, "W23": 0.051377538591623306, "cosSIM_W12": -0.3337344527244568, "cosSIM_W13": -0.011213907040655613, "cosSIM_W23": 0.08643948286771774, "WWT_norm": 1.1085439920425415, "NRC1": 1.893194264841598e-13, "NRC2": 5.894273157530444e-15}, "validation": {"prediction_error": 0.19859661161899567}, "C": {"best_c": 0.0030108713530921363}, "_timestamp": 1720518930.8362381, "_runtime": 4228.733290195465, "_step": 123, "train_mse_loss": 0.10019452944397926, "NRC3_vs_gamma_table": {"_type": "table-file", "sha256": "1c2c381ccd0d61fba6ba9c4a235ebca8c7b895435ff65e320425b7adda057226", "size": 43771, "artifact_path": "wandb-client-artifact://pcwujaif0uw7utcdvbfzl49tlyiyikeszi8eoo2n7wgn0zhhg6m353d4pk8fq7wog3cp2lmxkkwyob1s0pvzv7oxeeti0v6c5s4egydeo8pz24zb8p0za8k3xc9v050y/NRC3_vs_gamma_table.table.json", "_latest_artifact_path": "wandb-client-artifact://8u6dklzeovzxjg258xdhtsz0thuc58aqrn1hekrfqbim4t5xzh9tyzhii1giewollerjjlaz7q2zc13nk5v6bzuk1vgbzlf8fbzdn60z93biqoenb6jqu8nlo9x0m1fz:latest/NRC3_vs_gamma_table.table.json", "path": "media/table/NRC3_vs_gamma_table_121_1c2c381ccd0d61fba6ba.table.json", "ncols": 2, "nrows": 1000}, "NRC3_vs_epoch_table": {"_type": "table-file", "sha256": "8804488023b5a78e6a5047e2e738e40e5f7b442abed0b7df263cfbdcaba8bb20", "size": 3326, "artifact_path": "wandb-client-artifact://eg10vc5lcbf9zyxtigu021weucnhmfd660gebrp836430hasrqtgurw2j38v6er4ldyepxc3qesmb66qxrc8dytbzlhdprl81x8qn2kggzj0ci6prptt8vkocsrl14q0/NRC3_vs_epoch_table.table.json", "_latest_artifact_path": "wandb-client-artifact://2chwgojgt0gboyaxgyye2ly2g7ykfsqtue9k471neu1k0ajcd0o8ri3c4v8ssxsqneqhc64ip07x4abt74r5z6ma9mvf6u7o6uib6r097888ylq3y6unsnzszkk8d3pl:latest/NRC3_vs_epoch_table.table.json", "path": "media/table/NRC3_vs_epoch_table_123_8804488023b5a78e6a50.table.json", "ncols": 2, "nrows": 122}, "_wandb": {"runtime": 4228}}