{"train": {"prediction_error": 0.0017544545698910952, "W11": 0.4678683578968048, "W22": 0.47291329503059387, "W12": 0.0380629226565361, "cosSIM_W12": 0.0809188187122345, "WWT_norm": 0.6674169301986694, "NRC1": 0.9165656697925042, "NRC2": 0.010209523141384125}, "validation": {"prediction_error": 0.0019325028406456113}, "C": {"best_c": 0.0}, "_timestamp": 1720515562.0895424, "_runtime": 655.2627823352814, "_step": 123, "train_mse_loss": 0.0010331036464776844, "NRC3_vs_gamma_table": {"_type": "table-file", "sha256": "b2da6e088bfdd4aa24a2abee78a267e3a988bf6623cadcae80671b0c43835b5b", "size": 45455, "artifact_path": "wandb-client-artifact://q9xyhpv8v1p997b7kpiymrwk2vyt221uiavvm0w0ts0wpzvi9q62mhobgz7el2sclsj8v7cq4qcagqf2iyrfcegl20x7gi4cwqn2ubtylty7utdlzr44pikmm90odt6h/NRC3_vs_gamma_table.table.json", "_latest_artifact_path": "wandb-client-artifact://yvsexv0sg3ea594gyaeeu79b1ntf7kf1p240dwmvb2b5vk7gnb4rzhh720xregirk78qkqyfc7lbu0iwqx09emvopcj6zo999aajjqrl32wharh0fde794hnxicuw2u1:latest/NRC3_vs_gamma_table.table.json", "path": "media/table/NRC3_vs_gamma_table_121_b2da6e088bfdd4aa24a2.table.json", "ncols": 2, "nrows": 1000}, "NRC3_vs_epoch_table": {"_type": "table-file", "sha256": "1ef086723b93a3b20227d0a8f5a08645ec8366d84a4c555d39256e354237ab55", "size": 3480, "artifact_path": "wandb-client-artifact://x547t4uvaiwc5wm7dpp2x9xiq5jing0v325ml7rpldnaeo3xh106aar99fsbtfu2mloaj09q58s0ftfi65uus457veagwt5gvsrmajr9wlq5cp7rtarrz5f4gx7psybt/NRC3_vs_epoch_table.table.json", "_latest_artifact_path": "wandb-client-artifact://bv6em34y62i598547b0gl5sqgt5k9u1yc479mcuc3sv1mr4g4725gbyrtefi0dgqdsgmo8et3sdt8pb9sdhutzyca5znwxscyox8e04m9idcbbt1cg1snfuxb2debdsw:latest/NRC3_vs_epoch_table.table.json", "path": "media/table/NRC3_vs_epoch_table_123_1ef086723b93a3b20227.table.json", "ncols": 2, "nrows": 122}, "_wandb": {"runtime": 654}}