{"train": {"prediction_error": 0.011164166033267975, "W11": 2.2740545091437525e-07, "W22": 2.1842815556283313e-07, "W12": -1.6966213323144075e-08, "cosSIM_W12": -0.07612553238868713, "WWT_norm": 3.162274424539646e-07, "NRC1": 7.634173866208695e-08, "NRC2": 3.092826827977291e-10}, "validation": {"prediction_error": 0.010580603033304214}, "C": {"best_c": 0.0}, "_timestamp": 1720515092.6914678, "_runtime": 482.59124183654785, "_step": 123, "train_mse_loss": 0.0055834181839600205, "NRC3_vs_gamma_table": {"_type": "table-file", "sha256": "6a372584b4b0a2413f89356b125757ec09d02ce1b8db21a39a850d8860b9f85c", "size": 45452, "artifact_path": "wandb-client-artifact://dx8fhnq5mdfclpmuear7pfsjq3sb3goixe94rxrt7nut4tfvweripmoh83xpy9rxj598vg0rh3xo8y1nukhnhnhz8hgkllrf95ekvnouafexu7q4ref1diuf41vx7w6b/NRC3_vs_gamma_table.table.json", "_latest_artifact_path": "wandb-client-artifact://xrcyjt618i34zh3dokplvuju89jcxyyf126pycwbdq0ikz1urd8q3p951ikijd1b44nzaw7okgwkubgoqrisauh7wwbn7hdbvz66wmq4gcncl1e5q78ysunnjvvfm1h2:latest/NRC3_vs_gamma_table.table.json", "path": "media/table/NRC3_vs_gamma_table_121_6a372584b4b0a2413f89.table.json", "ncols": 2, "nrows": 1000}, "NRC3_vs_epoch_table": {"_type": "table-file", "sha256": "1387374a2d06ecc72f1f9e8306e4ba29ece004601ae60da18e59136d7c37e39f", "size": 3453, "artifact_path": "wandb-client-artifact://31xortep8oj09fcx6bzzfvgjyy3rjyu0l9cgfdv8i1trxgtrcglujoqdrj1wyln8ul1yvud757ebtscofperf3ifs78ab7ls5di0w5f4g5wv6obt8txva3kmt90yeu4k/NRC3_vs_epoch_table.table.json", "_latest_artifact_path": "wandb-client-artifact://x4sl1xo5eugnh9pce2t6dd1468jy2mftgwjanut1qislys2x558kdd6jd9rl4se6p46v7fdw0vu99y3xpxvilnqjnj0rny7qewjv9j1jzrg5cj05ka0zlsrnbeghiu8u:latest/NRC3_vs_epoch_table.table.json", "path": "media/table/NRC3_vs_epoch_table_123_1387374a2d06ecc72f1f.table.json", "ncols": 2, "nrows": 122}, "_wandb": {"runtime": 481}}