{"train": {"prediction_error": 0.006779415532946587, "W11": 0.3449588418006897, "W22": 0.33592814207077026, "W12": 0.002341458573937416, "cosSIM_W12": 0.006878272630274296, "WWT_norm": 0.48151353001594543, "NRC1": 1.223696712185687, "NRC2": 0.019996412098407745}, "validation": {"prediction_error": 0.00756783178076148}, "C": {"mu11": 0.009749006479978561, "mu12": -0.00010248277976643294, "mu22": 0.01237925048917532, "min_eigval": 0.009745019488036633, "max_eigval": 0.012383237481117249, "sigma11": 0.09873585402965546, "sigma12": -0.000488020945340395, "sigma21": -0.00048802047967910767, "sigma22": 0.11126101016998291, "m1": -0.028472568839788437, "m2": 0.01389823667705059}, "_timestamp": 1720514387.3156393, "_runtime": 14.691341161727905, "_step": 3, "train_mse_loss": 0.003906007739715278}