{"train": {"prediction_error": 0.04052518680691719, "W11": 2.726585626602173, "W22": 2.8497867584228516, "W12": -0.29889020323753357, "cosSIM_W12": -0.1072249785065651, "WWT_norm": 3.9666388034820557, "NRC1": 1.0066696556517853, "NRC2": 0.005945179611444473}, "validation": {"prediction_error": 0.09170955419540405}, "C": {"mu11": 0.40136387944221497, "mu12": -0.0900583267211914, "mu22": 0.3401557505130768, "min_eigval": 0.275643527507782, "max_eigval": 0.46587610244750977, "sigma11": 0.6291279196739197, "sigma12": -0.07457821071147919, "sigma21": -0.07457821071147919, "sigma22": 0.5784408450126648, "m1": 1.3272080421447754, "m2": 0.11907034367322922}, "_timestamp": 1720520267.5445, "_runtime": 387.5489330291748, "_step": 115, "train_mse_loss": 0.023782685864716768}