{"train": {"prediction_error": 0.04014991596341133, "W11": 2.7631845474243164, "W22": 2.8976449966430664, "W12": -0.2856001853942871, "cosSIM_W12": -0.10093248635530472, "WWT_norm": 4.0242600440979, "NRC1": 1.01642847678022, "NRC2": 0.005944912321865559}, "validation": {"prediction_error": 0.09057340025901794}, "C": {"best_c": 0.0}, "_timestamp": 1720520285.3986313, "_runtime": 405.40306425094604, "_step": 123, "train_mse_loss": 0.024195640347898006, "NRC3_vs_gamma_table": {"_type": "table-file", "sha256": "669a6c137dd344c952bf2888599effe34c0349f6f159eb85fa71309e17468292", "size": 44022, "artifact_path": "wandb-client-artifact://nup2ba8a6giddwrrp6bc0pzgce3ed16dy56gkaqa870f8fw5e6t1odhx9he71axgbkbs2eq059nwivevwbdonrsx3sblj1n13k4meajgrtjw7piqtgtfhwtujt5od9p1/NRC3_vs_gamma_table.table.json", "_latest_artifact_path": "wandb-client-artifact://3iyypsomqolavhro3m795hn88n3tqn335naetrkn7fa8jrbmrmzks53v925i6nbti4gux2yfv3dzpoq8m90zzq2772kuakbadcs06lf4qna6ly6h9hnnkcj5lutzwh07:latest/NRC3_vs_gamma_table.table.json", "path": "media/table/NRC3_vs_gamma_table_121_669a6c137dd344c952bf.table.json", "ncols": 2, "nrows": 1000}, "NRC3_vs_epoch_table": {"_type": "table-file", "sha256": "8556ded49f5b757bae579ad9d2970949577a5e9dd2a5f373a1675aec3378be6d", "size": 3466, "artifact_path": "wandb-client-artifact://1jwyjnn5u9xg4wffp6vk6vpdcayj4vnefa25uobb59emdlwl9zzfm8hplsaxcwd0z7q6u0agn5zbdxl24pvj8gbb6nrkwy80zteovdhh1hn3k6tvc3p8jwq1iep42c1m/NRC3_vs_epoch_table.table.json", "_latest_artifact_path": "wandb-client-artifact://h3l27t7vql4visitio79ovh2d70ceo8ak8jdll7y43u6mm2e8weis04vk5vxlbjo40ollz4lnxwkg8840fmmyumn2ahojjpjlywpfopeg5aow7abe9s97xcm1crgvlal:latest/NRC3_vs_epoch_table.table.json", "path": "media/table/NRC3_vs_epoch_table_123_8556ded49f5b757bae57.table.json", "ncols": 2, "nrows": 122}, "_wandb": {"runtime": 404}}