{"train": {"prediction_error": 0.042073316872119904, "W11": 2.5468955039978027, "W22": 2.5969648361206055, "W12": -0.36575740575790405, "cosSIM_W12": -0.1422179937362671, "WWT_norm": 3.674025058746338, "NRC1": 0.9637302116898391, "NRC2": 0.005963678937405348}, "validation": {"prediction_error": 0.09229855239391327}, "C": {"mu11": 0.40136387944221497, "mu12": -0.0900583267211914, "mu22": 0.3401557505130768, "min_eigval": 0.275643527507782, "max_eigval": 0.46587610244750977, "sigma11": 0.6291279196739197, "sigma12": -0.07457821071147919, "sigma21": -0.07457821071147919, "sigma22": 0.5784408450126648, "m1": 1.3272080421447754, "m2": 0.11907034367322922}, "_timestamp": 1720520194.0305548, "_runtime": 314.0349876880646, "_step": 93, "train_mse_loss": 0.024367090314626694}