{"train": {"prediction_error": 0.20135606825351715, "W11": 0.6192548274993896, "W22": 0.7349643707275391, "W33": 0.5088279247283936, "W12": -0.21619868278503418, "W13": -0.0017290525138378143, "W23": 0.05104423314332962, "cosSIM_W12": -0.32046839594841003, "cosSIM_W13": -0.0030802548862993717, "cosSIM_W23": 0.08346954733133316, "WWT_norm": 1.1319257020950317, "NRC1": 7.93818497373886e-06, "NRC2": 3.521045144339041e-08}, "validation": {"prediction_error": 0.19846701622009277}, "C": {"mu11": 0.2426486611366272, "mu22": 0.37990137934684753, "mu33": 0.4115426242351532, "mu12": -0.06536243110895157, "mu13": -0.028486017137765884, "mu23": 0.02330269105732441, "min_eigval": 0.21484717726707458, "max_eigval": 0.44189733266830444, "m1": 0.004102284088730812, "m2": 0.1969049870967865, "m3": -0.16461147367954254}, "_timestamp": 1720513898.9544232, "_runtime": 499.21862721443176, "_step": 14, "train_mse_loss": 0.10073135122656822}