{"train": {"prediction_error": 0.3448602855205536, "W11": 2.1823093732109555e-07, "W22": 2.2390514686776442e-07, "W33": 2.2370301167029538e-07, "W12": 2.287407152579135e-09, "W13": -2.8210744851264735e-09, "W23": 1.398893623161257e-08, "cosSIM_W12": 0.010347925126552582, "cosSIM_W13": -0.012767918407917023, "cosSIM_W23": 0.06250528991222382, "WWT_norm": 3.8499229049193673e-07, "NRC1": 1.9870782666801117e-07, "NRC2": 7.787400169156911e-10}, "validation": {"prediction_error": 0.3389253318309784}, "C": {"mu11": 0.2426486611366272, "mu22": 0.37990137934684753, "mu33": 0.4115426242351532, "mu12": -0.06536243110895157, "mu13": -0.028486017137765884, "mu23": 0.02330269105732441, "min_eigval": 0.21484717726707458, "max_eigval": 0.44189733266830444, "m1": 0.004102284088730812, "m2": 0.1969049870967865, "m3": -0.16461147367954254}, "_timestamp": 1720520254.5319753, "_runtime": 5645.312990188599, "_step": 74, "train_mse_loss": 0.17280558571219445}