{"train": {"prediction_error": 0.3448638617992401, "W11": 2.1784458681395336e-07, "W22": 2.2460784521172172e-07, "W33": 2.2176971015142044e-07, "W12": -5.697009974880984e-09, "W13": 1.482618827708393e-08, "W23": 9.027817604589927e-09, "cosSIM_W12": -0.025754980742931366, "cosSIM_W13": 0.06745358556509018, "cosSIM_W23": 0.0404500775039196, "WWT_norm": 3.843881870579935e-07, "NRC1": 1.9634150378734645e-07, "NRC2": 7.685653780065138e-10}, "validation": {"prediction_error": 0.33893826603889465}, "C": {"mu11": 0.2426486611366272, "mu22": 0.37990137934684753, "mu33": 0.4115426242351532, "mu12": -0.06536243110895157, "mu13": -0.028486017137765884, "mu23": 0.02330269105732441, "min_eigval": 0.21484717726707458, "max_eigval": 0.44189733266830444, "m1": 0.004102284088730812, "m2": 0.1969049870967865, "m3": -0.16461147367954254}, "_timestamp": 1720520333.4423761, "_runtime": 5724.223391056061, "_step": 76, "train_mse_loss": 0.17099451776593924}