{"train": {"prediction_error": 0.3448388874530792, "W11": 2.187755114846368e-07, "W22": 2.195354085188228e-07, "W33": 2.283019711057932e-07, "W12": -1.8293033754446242e-09, "W13": -1.09536228976026e-08, "W23": -6.259379237150142e-09, "cosSIM_W12": -0.008347071707248688, "cosSIM_W13": -0.04901214316487312, "cosSIM_W23": -0.027959149330854416, "WWT_norm": 3.8536387592102983e-07, "NRC1": 1.9209412056606784e-07, "NRC2": 7.729322737404232e-10}, "validation": {"prediction_error": 0.3389328122138977}, "C": {"mu11": 0.2426486611366272, "mu22": 0.37990137934684753, "mu33": 0.4115426242351532, "mu12": -0.06536243110895157, "mu13": -0.028486017137765884, "mu23": 0.02330269105732441, "min_eigval": 0.21484717726707458, "max_eigval": 0.44189733266830444, "m1": 0.004102284088730812, "m2": 0.1969049870967865, "m3": -0.16461147367954254}, "_timestamp": 1720520173.6262093, "_runtime": 5564.407224178314, "_step": 72, "train_mse_loss": 0.17042606882750988}