{"train": {"prediction_error": 0.0028829968068748713, "W11": 0.36138418316841125, "W22": 0.39979591965675354, "W12": 0.015436298213899136, "cosSIM_W12": 0.04061061143875122, "WWT_norm": 0.5393624901771545, "NRC1": 1.163983524084324, "NRC2": 0.015146884135901928}, "validation": {"prediction_error": 0.003130553988739848}, "C": {"mu11": 0.009749006479978561, "mu12": -0.00010248277976643294, "mu22": 0.01237925048917532, "min_eigval": 0.009745019488036633, "max_eigval": 0.012383237481117249, "sigma11": 0.09873585402965546, "sigma12": -0.000488020945340395, "sigma21": -0.00048802047967910767, "sigma22": 0.11126101016998291, "m1": -0.028472568839788437, "m2": 0.01389823667705059}, "_timestamp": 1720514554.1590712, "_runtime": 110.1649022102356, "_step": 32, "train_mse_loss": 0.0018207092944066972}