{"train": {"prediction_error": 0.34970197081565857, "W11": 0.35356152057647705, "W22": 0.3436313569545746, "W33": 0.33529824018478394, "W12": 0.00305365864187479, "W13": -0.01760842092335224, "W23": -0.003408316522836685, "cosSIM_W12": 0.008760759606957436, "cosSIM_W13": -0.051141366362571716, "cosSIM_W23": -0.01004103198647499, "WWT_norm": 0.596804141998291, "NRC1": 2.7766341644973496, "NRC2": 0.05368659645318985}, "validation": {"prediction_error": 0.34058678150177}, "C": {"mu11": 0.2426486611366272, "mu22": 0.37990137934684753, "mu33": 0.4115426242351532, "mu12": -0.06536243110895157, "mu13": -0.028486017137765884, "mu23": 0.02330269105732441, "min_eigval": 0.21484717726707458, "max_eigval": 0.44189733266830444, "m1": 0.004102284088730812, "m2": 0.1969049870967865, "m3": -0.16461147367954254}, "_timestamp": 1720514380.016282, "_runtime": 4.093883037567139, "_step": 0}